alex||alex@yahoo.com||12345
vivian||vivian@gmail.com||12345
ngozi||orjingozy@yahoo.com||12345
lee||lee@yahoo.com||12345
chi||chi@gmail.com||12345
ter||tery@gmail.com||12345
bact||bact@gmail.com||12345
see||see@gmail.com||12345
titi||titi@gmail.com||12345
tola||tola@gmail.com||12345
lala||lala@gmail.com||asrfxvx
"lase||lase@gmail.com||ethnv b"
ay||ay@gmail.com||rdtfygjkm
rew||rew@gmail.com||rdtfgjk
efdc||sfc@gmail.com||dasefd
efdc||sfc@gmail.com||dasefd
ngozi vivian||ngvi@yahoo.com||today
Obi Linda Oluchi||luchy@gmail.com||password

||alex@yahoo.com||12345
